{"cameraMode":{"drawMode":0,"name":"Shaded","section":"Shading Mode"},"sceneLighting":true,"audioPlay":false,"sceneViewState":{"m_AlwaysRefresh":false,"showFog":true,"showSkybox":true,"showFlares":true,"showImageEffects":true,"showParticleSystems":true,"showVisualEffectGraphs":true,"m_FxEnabled":true},"in2DMode":false,"pivot":{"x":36.916175842285159,"y":-6.5747857093811039,"z":85.52940368652344},"rotation":{"x":0.044713106006383899,"y":0.9291560649871826,"z":-0.1193724051117897,"w":0.3471963703632355},"size":2.5804710388183595,"orthographic":false}